<?xml version="1.0" encoding="utf-8"?>
<install type="component" version="1.5.0">
 <name>oer</name>
 <!-- The following elements are optional and free of formatting constraints -->
 <creationDate>18-10-2013</creationDate>
 <author>Dr Kaushal Keraminiyage</author>
 <authorEmail>admin@confmgt.com</authorEmail>
 <authorUrl>http://www.confmgt.com</authorUrl>
 <copyright>Copyright Info</copyright>
 <license>License Info</license>
 <!--  The version string is recorded in the components table -->
 <version>1.00</version>
 <!-- The description is optional and defaults to the name -->
 <description>This component allows android members to host and use Open Education Resources (OERs) within the Android web platform</description>
 
 <!-- Site Main File Copy Section -->
 <!-- Note the folder attribute: This attribute describes the folder
      to copy FROM in the package to install therefore files copied
      in this section are copied from /site/ in the package -->
 <files folder="site">
  <filename>controller.php</filename>
  <filename>oer.php</filename>
  <filename>oer.xml</filename>
  <filename>index.html</filename>
  <folder>models</folder>
  <folder>controllers</folder>
  <folder>assets</folder>
  <folder>helpers</folder>
  <folder>uplaod</folder>
 </files>
 
 <install>
  <sql>
    <file charset="utf8" driver="mysql">install.sql</file>
  </sql>
 </install>
 <uninstall>
  <sql>
    <file charset="utf8" driver="mysql">uninstall.sql</file>
  </sql>
 </uninstall>
 
 <languages>
       <language tag="en-GB">en-GB.com_oer.ini</language>
 </languages>
 
 <administration>
  <!-- Administration Menu Section -->
  <menu>Android OERs</menu>
 
  <!-- Administration Main File Copy Section -->
  <files folder="admin">
   <folder>tables</folder>
   <filename>index.html</filename>
   <filename>install.sql</filename>
   <filename>uninstall.sql</filename>
  </files>  
 
 </administration>
</install>