<?xml version="1.0" encoding="utf-8"?>
<install type="component" version="1.5.0">
 <name>oer</name>
 <!-- The following elements are optional and free of formatting constraints -->
 <creationDate>17-11-2013</creationDate>
 <author>Dr Kaushal Keraminiyage</author>
 <authorEmail>admin@confmgt.com</authorEmail>
 <authorUrl>http://www.confmgt.com</authorUrl>
 <copyright>Copyright Info</copyright>
 <license>License Info</license>
 <!--  The version string is recorded in the components table -->
 <version>1.5.0</version>
 <!-- The description is optional and defaults to the name -->
 <description>This component allows android members to host and use Open Education Resources (OERs) within the Android web platform</description>
 
 <!-- Site Main File Copy Section -->
 <!-- Note the folder attribute: This attribute describes the folder
      to copy FROM in the package to install therefore files copied
      in this section are copied from /site/ in the package -->
 <files folder="site">
  <filename>controller.php</filename>
  <filename>oer.php</filename>
  <filename>index.html</filename>
  <folder>models</folder>
  <folder>controllers</folder>
  <folder>assets</folder>
  <folder>helpers</folder>
  <folder>upload</folder>
  <folder>views</folder>
 </files>
 
 <install>
  <sql>
    <file charset="utf8" driver="mysql">install.sql</file>
  </sql>
 </install>
 <uninstall>
  <sql>
    <file charset="utf8" driver="mysql">uninstall.sql</file>
  </sql>
 </uninstall>
 
 <languages>
       <language tag="en-GB">en-GB.com_oer.ini</language>
 </languages>
 
 <params>
  <param name="send_emails" type="list" default="0" label="Send notification emails to the administrator?" description="Lets the administrator decide if the emails are to be sent when new OERs submitted">
  <option value="0">No</option>
  <option value="1">Yes</option>
  </param>
  <param name="email_from" type="text" default="0" label="Sender's email address " description="Please provide the email address of the sender" size="40" />
  <param name="admin_email" type="text" default="0" label="Administrator's email " description="Please provide the email address of the administrator" size="40" />
  <param name="file_types" type="text" default="doc,ppt,docx,pptx" label="Valid file types for OERs " description="Valid file types for OERs" size="40" />
</params>
 
 <administration>
  <!-- Administration Menu Section -->
  <menu>Android OERs</menu>
 
  <!-- Administration Main File Copy Section -->
  <files folder="admin">
  <filename>controller.php</filename>
  <filename>admin.oer.php</filename>
  <filename>index.html</filename>
  <folder>models</folder>
  <folder>controllers</folder>
  <folder>assets</folder>
  <folder>helpers</folder>
  <folder>views</folder>
  <folder>tables</folder>
  <filename>install.sql</filename>
  <filename>uninstall.sql</filename>
  <filename>config.xml</filename>
  </files>  
  
  <languages folder="admin">
      <language tag="en-GB">en-GB.com_oer.ini</language>
  </languages>
  
 </administration>
</install>